{
"Names": ["emX1_Y1", "emX2_Y2", "X1", "Y1", "X2", "Y2", "BIX1", "BIY1", "emX3_Y3", "BIX3", "BIY3", "BIX4", "BIY4", "X3", "Y3", "X4", "Y4", "X5", "Y5", "LX1", "LY1", "NBIY1", "NBIX1", "NBIY2", "NBIX2", "X6", "Y6", "emX4_Y4", "emX5_Y5"],
"TimeWindows": [[1530351900, 1530382300, 1530412730],[1530351900, 1530382300, 1530412730],[1530351900, 1530382300, 1530412730],[1530351900, 1530382300, 1530412730],[1530351900, 1530382300, 1530412730],[1530351900, 1530382300, 1530412730],[1530351900, 1530382300, 1530412730],[1530351900, 1530382300, 1530412730],[1530351900, 1530382300, 1530412730],[1530351900, 1530382300, 1530412730],[1530351900, 1530382300, 1530412730],[1530351900, 1530382300, 1530412730],[1530351900, 1530382300, 1530412730],[1530351900, 1530382300, 1530412730],[1530351900, 1530382300, 1530412730],[1530351900, 1530382300, 1530412730],[1530351900, 1530382300, 1530412730],[1530351900, 1530382300, 1530412730],[1530351900, 1530382300, 1530412730],[1530413277, 1530414530, 1530414509],[1530414651, 1530415928, 1530415908],[1530417441, 1530418014, 1530418573],[1530418899, 1530419485, 1530420062],[1530420594, 1530421184, 1530421764],[1530422178, 1530422731, 1530423305],[1530424242, 1530424775, 1530425307],[1530425441, 1530425975, 1530426509],[1530427786, 1530428063, 1530428348],[1530428678, 1530429047, 1530429421]],
"OrbitDrifts_X": [[0, nan, 493.769],[0, nan, 493.769],[0, nan, 493.769],[0, nan, 493.769],[0, nan, 493.769],[0, nan, 493.769],[0, nan, 493.769],[0, nan, 493.769],[0, nan, 493.769],[0, nan, 493.769],[0, nan, 493.769],[0, nan, 493.769],[0, nan, 493.769],[0, nan, 493.769],[0, nan, 493.769],[0, nan, 493.769],[0, nan, 493.769],[0, nan, 493.769],[0, nan, 493.769],[-30.0311, 9.76796, 17.2525],[-0.9625, -10.8728, -9.7625],[-1.50417, -5.37738, -6.98083],[22.5267, 0.522619, -42.0008],[-0.0533333, 1.53095, 4.22833],[-51.5392, -1.69318, 16.97],[-82.91, 1.01538, 116.615],[4.2925, 3.625, 6.61083],[-20.7325, -0.842857, 0.419167],[-138.754, 0.160714, 1.7325]],
"OrbitDrifts_Y": [[0, nan, 488.612],[0, nan, 488.612],[0, nan, 488.612],[0, nan, 488.612],[0, nan, 488.612],[0, nan, 488.612],[0, nan, 488.612],[0, nan, 488.612],[0, nan, 488.612],[0, nan, 488.612],[0, nan, 488.612],[0, nan, 488.612],[0, nan, 488.612],[0, nan, 488.612],[0, nan, 488.612],[0, nan, 488.612],[0, nan, 488.612],[0, nan, 488.612],[0, nan, 488.612],[0.381967, -0.0548544, -0.1775],[-9.19417, 6.05545, 11.6025],[32.0408, -0.714286, -64.09],[-0.0166667, 0.652381, 0.986667],[-30.0842, 0.354762, 52.55],[-0.459167, -0.805682, 0.138333],[0.745, 0.684615, -0.0533333],[-108.584, -1.12692, 136.788],[-0.0733333, -0.0714286, 12.3792],[0.678333, 0.0928571, 155.814]]
}
