{
"Names": ["emX1_Y1", "emX2_Y2", "X1", "Y1", "X2", "Y2", "BIX1", "BIY1", "emX3_Y3", "BIX3", "BIY3", "BIX4", "BIY4", "X3", "Y3", "X4", "Y4", "X5", "Y5", "LX1", "LY1", "NBIY1", "NBIX1", "NBIY2", "NBIX2", "X6", "Y6", "emX4_Y4", "emX5_Y5"],
"TimeWindows": [[1530351900, 1530382301, 1530412730],[1530351900, 1530382301, 1530412730],[1530351900, 1530382301, 1530412730],[1530351900, 1530382301, 1530412730],[1530351900, 1530382301, 1530412730],[1530351900, 1530382301, 1530412730],[1530351900, 1530382301, 1530412730],[1530351900, 1530382301, 1530412730],[1530351900, 1530382301, 1530412730],[1530351900, 1530382301, 1530412730],[1530351900, 1530382301, 1530412730],[1530351900, 1530382301, 1530412730],[1530351900, 1530382301, 1530412730],[1530351900, 1530382301, 1530412730],[1530351900, 1530382301, 1530412730],[1530351900, 1530382301, 1530412730],[1530351900, 1530382301, 1530412730],[1530351900, 1530382301, 1530412730],[1530351900, 1530382301, 1530412730],[1530413277, 1530414530, 1530414510],[1530414650, 1530415930, 1530415910],[1530417442, 1530418015, 1530418573],[1530418900, 1530419485, 1530420061],[1530420594, 1530421185, 1530421764],[1530422178, 1530422731, 1530423306],[1530424243, 1530424775, 1530425307],[1530425440, 1530425976, 1530426511],[1530427785, 1530428064, 1530428348],[1530428676, 1530429048, 1530429420]],
"OrbitDrifts_X": [[0, nan, 3.06432],[0, nan, 3.06432],[0, nan, 3.06432],[0, nan, 3.06432],[0, nan, 3.06432],[0, nan, 3.06432],[0, nan, 3.06432],[0, nan, 3.06432],[0, nan, 3.06432],[0, nan, 3.06432],[0, nan, 3.06432],[0, nan, 3.06432],[0, nan, 3.06432],[0, nan, 3.06432],[0, nan, 3.06432],[0, nan, 3.06432],[0, nan, 3.06432],[0, nan, 3.06432],[0, nan, 3.06432],[2.20792, -0.735757, -1.26308],[-0.0715067, -10.027, -8.77356],[-2.61459, -6.44265, -7.69178],[1.6432, 0.401173, 0.17925],[0.130448, 0.727222, 3.21418],[2.79061, -0.890955, -1.20738],[2.82862, 3.15074, 2.92701],[5.75565, 4.02508, 6.18735],[-0.201906, -1.16933, -0.317703],[0.389807, 0.142909, -0.00993996]],
"OrbitDrifts_Y": [[0, nan, -3.41474],[0, nan, -3.41474],[0, nan, -3.41474],[0, nan, -3.41474],[0, nan, -3.41474],[0, nan, -3.41474],[0, nan, -3.41474],[0, nan, -3.41474],[0, nan, -3.41474],[0, nan, -3.41474],[0, nan, -3.41474],[0, nan, -3.41474],[0, nan, -3.41474],[0, nan, -3.41474],[0, nan, -3.41474],[0, nan, -3.41474],[0, nan, -3.41474],[0, nan, -3.41474],[0, nan, -3.41474],[0.297457, -0.137136, -0.0139615],[-0.579077, -1.26781, -1.50212],[-0.0701464, -0.959204, -1.56206],[-0.0724372, 0.570819, 0.633159],[3.8831, 1.41507, 1.94173],[0.148897, -0.706899, -0.549226],[1.47151, 2.23755, 1.32934],[3.78469, -0.0651868, 1.51923],[0.0093635, 0.168518, 1.09621],[0.970894, 1.19638, 0.702981]]
}
