{
"Names": ["X1", "Y1", "Y2", "X2", "L1X", "L1Y", "X3", "Y3", "X4", "Y4", "L2X", "X5", "Y5"],
"TimeWindows": [[1440463292, 1440463889, 1440464482],[1440464630, 1440465228, 1440465831],[1440465918, 1440466516, 1440467115],[1440467223, 1440467820, 1440468420],[1440468512, 1440470205, 1440470208],[1440470260, 1440471757, 1440471760],[1440472460, 1440472971, 1440473489],[1440473533, 1440474062, 1440474599],[1440474653, 1440475180, 1440475717],[1440475749, 1440476272, 1440476790],[1440476853, 1440478356, 1440478337],[1440478475, 1440479066, 1440479662],[1440479785, 1440480381, 1440480982]],
"OrbitDrifts_X": [[-0.643333, 3.80286, 6.1425],[2.8918, 2.725, 4.42833],[3.11167, 4.2875, 4.63083],[4.91083, 3.60185, 7.70417],[3.09917, 5.63056, 5.58083],[5.75727, 2.47407, 2.11583],[3.54068, 14.0574, 20.5383],[20.8487, 20.6654, 22.47],[22.325, 22.3911, 22.5417],[22.7915, 22.6044, 23.3692],[22.945, 23.1102, 22.9875],[24.1279, 23.7704, 26.3792],[5.7725, 5.20556, 3.87705]],
"OrbitDrifts_Y": [[-0.291667, -0.135714, 0.313333],[0.0557377, -1.54107, 1.9875],[-5.32, -7.65714, -5.22417],[-5.34917, -4.96481, -4.77167],[-4.375, -6.09907, -6.08417],[-6.14, -8.79537, -8.85167],[0.984746, 2.92593, 2.7275],[2.73158, 1.59615, 2.02417],[2.1, 3.66964, 3.79417],[3.88191, 3.73676, 3.395],[3.36417, 2.77704, 2.77167],[2.96393, 2.43889, 1.12167],[0.539167, -1.12037, 2.54016]]
}
