{
"Names": ["X1", "Y1", "Y2", "X2", "L1X", "L1Y", "X3", "Y3", "X4", "Y4", "L2X", "X5", "Y5"],
"TimeWindows": [[1440463292, 1440463889, 1440464482],[1440464632, 1440465227, 1440465832],[1440465914, 1440466515, 1440467113],[1440467223, 1440467820, 1440468418],[1440468513, 1440470205, 1440470208],[1440470260, 1440471755, 1440471758],[1440472460, 1440472972, 1440473487],[1440473532, 1440474062, 1440474597],[1440474652, 1440475179, 1440475717],[1440475749, 1440476272, 1440476792],[1440476852, 1440478357, 1440478337],[1440478477, 1440479067, 1440479662],[1440479787, 1440480380, 1440480985]],
"OrbitDrifts_X": [[-1.95477, 2.12202, 3.74824],[5.40616, 6.6626, 8.75894],[7.85885, 9.67569, 10.1056],[8.6427, 10.4154, 11.7232],[10.7269, 17.8709, 17.7973],[16.9484, 13.3505, 12.901],[3.12216, 13.0542, 19.7226],[19.4566, 20.6519, 22.0433],[21.7128, 21.6818, 21.689],[21.1256, 21.6837, 22.3984],[21.3293, 23.3394, 23.3348],[25.8702, 25.6671, 25.4295],[25.6155, 25.2307, 23.8634]],
"OrbitDrifts_Y": [[-1.19739, -0.88639, 0.221362],[-0.952429, -0.304696, 2.6574],[0.677492, -1.18925, -0.0505501],[0.411576, 1.15052, 0.813333],[0.941117, -1.58718, -1.53045],[-1.13744, -4.97309, -5.02991],[2.2486, 3.0373, 2.27196],[3.41887, -0.217421, 1.078],[-1.0443, 2.62387, 4.04642],[4.04288, 2.20608, 2.2407],[2.96501, 1.81125, 1.84641],[2.0873, -1.13356, 0.164477],[0.236875, -1.2736, 0.0937608]]
}
