{
"Names": ["X1", "Y1", "Y2", "X2", "L1X", "L1Y", "X3", "Y3", "X4", "Y4", "L2X", "X5", "Y5"],
"TimeWindows": [[1440463385, 1440463889, 1440464388],[1440464725, 1440465227, 1440465732],[1440466016, 1440466515, 1440467017],[1440467318, 1440467820, 1440468322],[1440468604, 1440470205, 1440470118],[1440470347, 1440471756, 1440471670],[1440472571, 1440472971, 1440473372],[1440473655, 1440474062, 1440474470],[1440474775, 1440475179, 1440475585],[1440475865, 1440476272, 1440476670],[1440476953, 1440478356, 1440478244],[1440478566, 1440479066, 1440479567],[1440479880, 1440480381, 1440480885]],
"OrbitDrifts_X": [[-0.632191, 2.96244, 4.63245],[4.23435, 4.6938, 6.2821],[5.73625, 6.9816, 7.30593],[6.81382, 7.00861, 9.27556],[7.17529, 11.7507, 13.6947],[11.1527, 7.91229, 23.0213],[5.55129, 13.5558, 18.6597],[20.2707, 20.6586, 21.8762],[22.0229, 22.0364, 22.096],[21.9997, 22.1441, 22.7121],[22.2105, 23.2248, 22.8594],[24.9561, 24.7187, 25.7161],[15.6183, 15.2182, 14.0904]],
"OrbitDrifts_Y": [[-0.707994, -0.511052, 0.144511],[-0.524545, -0.922884, 1.79072],[-2.67216, -4.4232, -2.92632],[-2.37903, -1.90715, -1.96793],[-1.83239, -3.84313, -4.97305],[-3.8275, -6.88423, -4.84846],[1.91302, 2.98162, 2.60711],[2.5201, 0.689366, 1.34672],[1.13956, 3.14675, 3.73096],[3.74239, 2.97142, 2.85323],[3.10604, 2.29414, 2.37968],[2.24082, 0.652666, 0.644595],[0.136183, -1.19699, 0.908708]]
}
