{
"Names": ["X1", "Y1", "Y2", "X2", "L1X", "L1Y", "X3", "Y3", "X4", "Y4", "L2X", "X5", "Y5"],
"TimeWindows": [[1440463385, 1440463889, 1440464388],[1440464725, 1440465227, 1440465732],[1440466016, 1440466515, 1440467017],[1440467318, 1440467820, 1440468322],[1440468604, 1440470205, 1440470118],[1440470347, 1440471756, 1440471670],[1440472571, 1440472971, 1440473372],[1440473655, 1440474062, 1440474470],[1440474775, 1440475179, 1440475585],[1440475865, 1440476272, 1440476670],[1440476953, 1440478356, 1440478244],[1440478566, 1440479066, 1440479567],[1440479880, 1440480381, 1440480885]],
"OrbitDrifts_X": [[-1.36924, -1.68083, -2.28168],[2.73818, 3.9376, 4.26356],[4.86165, 5.38819, 5.46191],[4.22441, 6.81352, 4.47714],[7.87568, 12.2403, 12.9913],[11.1728, 10.8764, 24.711],[-0.545463, -1.0032, -0.837912],[-1.07111, -0.0135271, -0.323863],[-0.634861, -0.709286, -0.817579],[-1.50044, -0.920701, -0.961352],[-1.49113, 0.229154, 0.907989],[1.76654, 1.89676, -0.497745],[19.8733, 20.0252, 19.9983]],
"OrbitDrifts_Y": [[-0.881463, -0.750676, -0.195919],[-0.652367, 1.23638, 0.758259],[6.06593, 6.46789, 5.38739],[5.81742, 6.11533, 5.67031],[5.2736, 4.51189, 3.19257],[4.93391, 3.82228, 5.3192],[1.01363, 0.111378, -0.330156],[0.102896, -1.81358, -1.15005],[-2.65094, -1.04578, -0.0654575],[-0.214602, -1.53069, -1.24123],[-0.437753, -0.965795, -0.732988],[-1.28462, -3.57245, -1.37238],[-0.274136, -0.153232, -2.08229]]
}
