{
"Names": ["emX1", "emY1", "L1Y", "L1X", "X1", "Y1", "offY1", "offX1", "offX2", "XY1", "XY2"],
"TimeWindows": [[1542136154, 1542136268, 1542136383],[1542136391, 1542136505, 1542136620],[1542137597, 1542137973, 1542138346],[1542138422, 1542138796, 1542139170],[1542139705, 1542139949, 1542140192],[1542140262, 1542140507, 1542140752],[1542141840, 1542143102, 1542143099],[1542143108, 1542144355, 1542144353],[1542144358, 1542145622, 1542145619],[1542146035, 1542146471, 1542146905],[1542146980, 1542147416, 1542147848]],
"OrbitDrifts_X": [[-1.71085, -1.91948, -1.57667],[-1.54335, -2.04191, -2.21782],[-3.74129, -4.13265, -4.40084],[-4.49686, -5.17379, -5.81315],[-0.147992, -0.299224, -0.0600979],[-0.0594586, -0.0946655, -0.139186],[-1.01963, -0.942075, -0.950767],[-0.933753, -1.08758, -1.18763],[-1.03669, -0.495087, -0.49147],[-0.144004, -0.476504, -0.326172],[-0.381046, -0.80517, -0.700757]],
"OrbitDrifts_Y": [[-0.0717692, -0.144147, -0.1541],[-0.158981, -0.678532, -0.529384],[-0.694757, -0.743808, -0.671141],[-0.652373, -0.727994, -0.827116],[-0.0181816, -0.149645, -0.266432],[-0.30902, -0.533646, -0.0589653],[-0.0447076, -0.0359083, -0.0444333],[-0.0282419, -0.385125, -0.484975],[-0.336015, -0.8511, -0.862021],[0.016724, -0.237915, -0.135648],[-0.1568, -0.249774, -0.52143]]
}
