{
"Names": ["emX1", "emY1", "L1Y", "L1X", "X1", "Y1", "offY1", "offX1", "offX2", "XY1", "XY2"],
"TimeWindows": [[1542136152, 1542136268, 1542136387],[1542136389, 1542136505, 1542136652],[1542137578, 1542137973, 1542138378],[1542138403, 1542138796, 1542139202],[1542139687, 1542139949, 1542140224],[1542140244, 1542140507, 1542140784],[1542141838, 1542143102, 1542143104],[1542143105, 1542144355, 1542144356],[1542144356, 1542145622, 1542145637],[1542146016, 1542146471, 1542146937],[1542146961, 1542147416, 1542147880]],
"OrbitDrifts_X": [[-3.425, -3.85625, -3.14],[-3.075, -4.09091, -4.535],[-7.425, -8.23333, -8.80333],[-8.87778, -10.3, -11.7017],[-0.269697, -0.605357, -0.0656863],[-0.121212, -0.194828, -0.285833],[-2.025, -1.86667, -1.85833],[-1.85, -2.15, -2.1],[-2.05, -0.95, -0.992187],[-0.251429, -0.941525, -0.62],[-0.713889, -1.60776, -1.4]],
"OrbitDrifts_Y": [[-0.125, -0.28125, -0.29],[-0.275, -1.34545, -0.965],[-1.38333, -1.48333, -1.31917],[-1.28472, -1.4375, -1.665],[-0.00606061, -0.285714, -0.54902],[-0.571212, -1.03276, 0.0658333],[-0.1, -0.2, -0.191667],[-0.183333, -0.9, -0.85],[-0.8, -1.775, -1.64219],[0.0671429, -0.458475, -0.219167],[-0.268056, -0.440517, -1.03667]]
}
