{
"Names": ["emX1", "emY1", "L1Y", "L1X", "X1", "Y1", "offY1", "offX1", "offX2", "XY1", "XY2"],
"TimeWindows": [[1542136152, 1542136268, 1542136387],[1542136389, 1542136505, 1542136652],[1542137578, 1542137973, 1542138378],[1542138403, 1542138796, 1542139202],[1542139687, 1542139949, 1542140224],[1542140244, 1542140507, 1542140784],[1542141838, 1542143102, 1542143104],[1542143105, 1542144355, 1542144356],[1542144356, 1542145622, 1542145637],[1542146016, 1542146471, 1542146937],[1542146961, 1542147416, 1542147880]],
"OrbitDrifts_X": [[0.0125, 0.0172937, 0.0104],[0.010175, 0.00708182, 0.00300167],[-0.0169958, -0.0319667, -0.043655],[-0.0452625, -0.047575, -0.0321975],[-0.00392727, 0.00690893, 0.00735882],[0.00746818, 0.00549655, -0.00398667],[-0.014575, -0.0174833, -0.017125],[-0.0167667, -0.02515, -0.025125],[-0.0251, -0.040175, -0.0413938],[-0.0076, -0.0114831, -0.0105225],[-0.0102208, -0.0025819, 0.013695]],
"OrbitDrifts_Y": [[-0.01535, -0.00704375, -0.01889],[-0.020175, -0.0116091, -0.0120617],[-0.00109306, -0.00428333, -0.0108425],[-0.0121278, -0.0184875, -0.00590583],[-0.0108667, -0.013575, -0.0140608],[-0.0138227, -0.0345328, -0.0617033],[0.01055, 0.128183, 0.128375],[0.128567, 0.12975, 0.129675],[0.1296, 0.0728, 0.0710437],[-0.0115014, -0.0173559, -0.037285],[-0.0372194, -0.0590302, -0.0457633]]
}
