{
"Names": ["emX1", "emY1", "L1Y", "L1X", "X1", "Y1", "offY1", "offX1", "offX2", "XY1", "XY2"],
"TimeWindows": [[1542136154, 1542136268, 1542136383],[1542136391, 1542136505, 1542136620],[1542137597, 1542137973, 1542138346],[1542138422, 1542138796, 1542139170],[1542139705, 1542139949, 1542140192],[1542140262, 1542140507, 1542140752],[1542141840, 1542143102, 1542143099],[1542143108, 1542144355, 1542144353],[1542144358, 1542145622, 1542145619],[1542146035, 1542146471, 1542146905],[1542146980, 1542147416, 1542147848]],
"OrbitDrifts_X": [[3.4469, 3.87354, 3.17461],[3.10691, 4.09799, 4.44339],[7.44712, 8.20137, 8.7162],[8.90297, 10.2524, 11.5595],[0.28962, 0.612266, 0.13481],[0.133584, 0.200324, 0.272559],[2.01011, 1.84918, 1.86513],[1.83393, 2.12485, 2.32475],[2.02314, 0.909825, 0.902997],[0.272484, 0.930042, 0.63117],[0.742304, 1.60518, 1.42669]],
"OrbitDrifts_Y": [[0.113196, 0.274206, 0.271214],[0.27798, 1.33385, 1.03484],[1.38701, 1.47905, 1.32162],[1.27986, 1.41901, 1.64047],[0.0142571, 0.272139, 0.504854],[0.587561, 0.998226, 0.000714761],[0.11098, 0.328183, 0.344467],[0.313623, 1.02975, 1.23005],[0.931051, 1.8478, 1.87023],[-0.0569399, 0.441119, 0.199424],[0.237293, 0.381487, 0.949531]]
}
