{
"Names": ["emX2", "emY2", "X2", "Y2", "X3", "Y3", "offY3", "offX3", "XY3", "XY4", "X4", "Y4", "X5", "Y5", "XY5", "XY6", "emX3", "emY3", "X6", "6Y"],
"TimeWindows": [[1542213090, 1542213174, 1542213255],[1542213263, 1542213346, 1542213428],[1542213934, 1542214179, 1542214423],[1542214521, 1542214761, 1542215000],[1542215492, 1542215737, 1542215981],[1542216058, 1542216297, 1542216536],[1542217148, 1542218416, 1542218409],[1542218434, 1542219690, 1542219682],[1542220101, 1542220339, 1542220579],[1542221107, 1542221346, 1542221585],[1542222008, 1542222253, 1542222498],[1542222576, 1542222816, 1542223054],[1542228435, 1542228680, 1542228923],[1542229018, 1542229259, 1542229498],[1542229911, 1542230150, 1542230390],[1542230465, 1542230705, 1542230944],[1542231672, 1542231754, 1542231834],[1542231840, 1542231919, 1542231995],[1542232313, 1542232429, 1542232543],[1542232550, 1542232665, 1542232780]],
"OrbitDrifts_X": [[4.9104, 5.21974, 4.58266],[4.65622, 4.43867, 4.76503],[5.81497, 5.78031, 4.88838],[4.9399, 4.85549, 4.23714],[0.1406, 0.190661, -0.700923],[-0.797588, -1.13818, -1.35418],[-1.07639, -2.21012, -2.25797],[-2.15126, -5.07937, -5.10916],[-0.162693, 0.225383, -0.539993],[-0.309312, -0.637716, -0.611571],[0.260142, 0.654897, 0.0303433],[0.146944, 0.117601, 0.114054],[0.570976, 1.44226, 0.921693],[0.932997, 0.960892, 1.1775],[0.363296, 1.18498, 0.654398],[0.542961, 1.37631, 0.906546],[0.324882, 0.697572, 0.569477],[0.562371, 0.538049, 0.720028],[0.964891, 1.60179, 1.34458],[1.26223, 1.20792, 2.03524]],
"OrbitDrifts_Y": [[3.13441, 3.13745, 2.88729],[2.93089, 3.33307, 2.86423],[2.73041, 2.57622, 2.02545],[2.28149, 2.67742, 1.55944],[0.44687, -0.00755672, -0.113944],[-0.177911, 0.165379, -0.469945],[0.51968, -1.79175, -1.82477],[-1.7475, -3.11616, -3.12499],[0.265267, 0.355537, -0.324003],[-0.581813, -0.80172, -0.7568],[0.278257, 0.00254304, -0.158472],[-0.131891, -0.220144, -1.13663],[0.198486, 0.186388, 0.216947],[0.357507, 0.8442, 0.264178],[0.0298302, 0.331937, -0.163708],[-0.225401, -0.223441, 0.435612],[-0.0566918, 0.151743, 0.0959482],[0.0785543, 0.447104, 0.313966],[0.532571, 0.337542, 0.320302],[0.37746, 0.633857, -0.105775]]
}
