{
"Names": ["emX2", "emY2", "X2", "Y2", "X3", "Y3", "offY3", "offX3", "XY3", "XY4", "X4", "Y4", "X5", "Y5", "XY5", "XY6", "emX3", "emY3", "X6", "6Y"],
"TimeWindows": [[1542213088, 1542213174, 1542213259],[1542213261, 1542213346, 1542213460],[1542213909, 1542214179, 1542214455],[1542214496, 1542214761, 1542215032],[1542215473, 1542215737, 1542216013],[1542216038, 1542216297, 1542216568],[1542217142, 1542218416, 1542218422],[1542218427, 1542219690, 1542219714],[1542220070, 1542220339, 1542220611],[1542221076, 1542221346, 1542221617],[1542221988, 1542222253, 1542222530],[1542222556, 1542222816, 1542223074],[1542228411, 1542228680, 1542228955],[1542228994, 1542229259, 1542229528],[1542229892, 1542230150, 1542230422],[1542230446, 1542230705, 1542230976],[1542231670, 1542231754, 1542231837],[1542231838, 1542231919, 1542232027],[1542232311, 1542232429, 1542232547],[1542232548, 1542232665, 1542232812]],
"OrbitDrifts_X": [[-6.475, -6.725, -6.01],[-6.05, -6.155, -6.72705],[-8.28936, -8.93393, -8.5075],[-8.82128, -9.1537, -9.71083],[-0.373611, -0.637037, -0.0172727],[-0.0859375, -0.235185, -0.103333],[4.115, 5.03182, 5.05227],[5.07273, 7.58333, 7.94583],[0.02, -0.314815, 0.5],[-0.0908333, -0.0785714, -0.108333],[-0.237838, -1.02143, -0.319167],[-0.412162, -0.4125, -0.472973],[-0.604444, -1.5537, -1.10984],[-1.20217, -1.0463, -1.30965],[-0.27, -0.872222, -0.32459],[-0.352778, -1.01296, -0.6525],[-0.15, -0.75625, -0.616667],[-0.65, -0.61, -0.724194],[-0.95, -1.44, -1.0625],[-1.075, -0.968182, -1.78917]],
"OrbitDrifts_Y": [[-2.75, -2.7625, -2.62],[-2.65, -3.115, -2.47623],[-2.77872, -2.63036, -2.33417],[-2.53404, -2.96852, -2.22167],[-0.345833, -0.177778, -0.0354545],[0.0296875, -0.335185, 0.42],[0.48, 1.82727, 1.79773],[1.76818, 2.34583, 2.815],[-0.149167, -0.305556, 0.4575],[0.365833, 0.523214, 0.416667],[-0.322973, -0.103571, -0.0175],[-0.0567568, 0.0821429, 1.13514],[-0.407778, -0.616667, -0.922131],[-1.00978, -1.52778, -1.0386],[-0.214286, -0.635185, -0.0647541],[-0.0930556, -0.251852, -1.055],[-0.1, -0.2625, -0.366667],[-0.35, -0.66, -0.546774],[-0.85, -0.895, -0.925],[-0.975, -1.35455, -0.29]]
}
