{
"Names": ["emX2", "emY2", "X2", "Y2", "X3", "Y3", "offY3", "offX3", "XY3", "XY4", "X4", "Y4", "X5", "Y5", "XY5", "XY6", "emX3", "emY3", "X6", "6Y"],
"TimeWindows": [[1542213090, 1542213174, 1542213255],[1542213263, 1542213346, 1542213428],[1542213934, 1542214179, 1542214423],[1542214521, 1542214761, 1542215000],[1542215492, 1542215737, 1542215981],[1542216058, 1542216297, 1542216536],[1542217148, 1542218416, 1542218409],[1542218434, 1542219690, 1542219682],[1542220101, 1542220339, 1542220579],[1542221107, 1542221346, 1542221585],[1542222008, 1542222253, 1542222498],[1542222576, 1542222816, 1542223054],[1542228435, 1542228680, 1542228923],[1542229018, 1542229259, 1542229498],[1542229911, 1542230150, 1542230390],[1542230465, 1542230705, 1542230944],[1542231672, 1542231754, 1542231834],[1542231840, 1542231919, 1542231995],[1542232313, 1542232429, 1542232543],[1542232550, 1542232665, 1542232780]],
"OrbitDrifts_X": [[-4.02707, -4.11513, -3.75212],[-3.72498, -3.93567, -4.18466],[-5.44167, -6.04377, -6.11198],[-6.38269, -6.72596, -7.52739],[-0.322732, -0.541706, -0.438597],[-0.496256, -0.804276, -0.795775],[3.58148, 3.92676, 3.8768],[4.01102, 5.04365, 4.91547],[-0.100481, -0.202123, 0.135467],[-0.244059, -0.39743, -0.41066],[-0.167017, -0.69398, -0.383855],[-0.338716, -0.3537, -0.411267],[-0.403649, -0.832572, -0.70064],[-0.721291, -0.56585, -0.691531],[-0.132701, -0.279732, -0.0618182],[-0.130906, -0.324806, -0.241203],[-0.00207982, -0.407464, -0.336943],[-0.367821, -0.340976, -0.330873],[-0.475895, -0.639103, -0.401406],[-0.441613, -0.36422, -0.595023]],
"OrbitDrifts_Y": [[-1.18316, -1.19378, -1.18302],[-1.19823, -1.44847, -1.22263],[-1.39975, -1.34224, -1.35525],[-1.43429, -1.62981, -1.52892],[-0.110009, -0.181556, -0.108699],[-0.0874433, -0.252496, 0.0970856],[0.746711, 0.931397, 0.952493],[0.897632, 0.787751, 0.636724],[-0.0348123, -0.127787, 0.206967],[0.0932877, 0.122354, 0.0506515],[-0.167254, -0.1023, -0.106524],[-0.111997, -0.0279292, 0.485349],[-0.327172, -0.523473, -0.778112],[-0.878829, -1.10568, -0.961063],[-0.230367, -0.469216, -0.213717],[-0.217689, -0.363572, -0.743667],[-0.132238, -0.186629, -0.31495],[-0.318425, -0.436448, -0.422815],[-0.584481, -0.726229, -0.763959],[-0.794345, -1.03762, -0.571783]]
}
