{
"Names": ["emX2", "emY2", "X2", "Y2", "X3", "Y3", "offY3", "offX3", "XY3", "XY4", "X4", "Y4", "X5", "Y5", "XY5", "XY6", "emX3", "emY3", "X6", "6Y"],
"TimeWindows": [[1542213088, 1542213174, 1542213259],[1542213261, 1542213346, 1542213460],[1542213909, 1542214179, 1542214455],[1542214496, 1542214761, 1542215032],[1542215473, 1542215737, 1542216013],[1542216038, 1542216297, 1542216568],[1542217142, 1542218416, 1542218422],[1542218427, 1542219690, 1542219714],[1542220070, 1542220339, 1542220611],[1542221076, 1542221346, 1542221617],[1542221988, 1542222253, 1542222530],[1542222556, 1542222816, 1542223074],[1542228411, 1542228680, 1542228955],[1542228994, 1542229259, 1542229528],[1542229892, 1542230150, 1542230422],[1542230446, 1542230705, 1542230976],[1542231670, 1542231754, 1542231837],[1542231838, 1542231919, 1542232027],[1542232311, 1542232429, 1542232547],[1542232548, 1542232665, 1542232812]],
"OrbitDrifts_X": [[-1.57387, -1.50526, -1.45861],[-1.38718, -1.71633, -1.83543],[-2.47084, -3.15362, -3.73404],[-3.87259, -4.29821, -5.55519],[-0.236996, -0.446376, -0.833298],[-0.855024, -1.37337, -1.48598],[3.04442, 2.82169, 2.87974],[2.93779, 2.50397, 2.96182],[-0.194056, -0.0894319, -0.140449],[-0.356771, -0.716288, -0.716466],[-0.00998653, -0.366531, -0.36896],[-0.262768, -0.294899, -0.359216],[-0.118819, -0.11144, -0.256696],[-0.272013, -0.0854046, -0.104964],[0.0279743, 0.312759, 0.259064],[0.122474, 0.363351, 0.192131],[0.165736, -0.0586777, -0.051963],[-0.0870095, -0.0719512, 0.0707668],[0.0038625, 0.161794, 0.27422],[0.18841, 0.239741, 0.47268]],
"OrbitDrifts_Y": [[0.384321, 0.374949, 0.255012],[0.2687, 0.218067, 0.206154],[-0.0325455, -0.0541323, -0.379677],[-0.293795, -0.291094, -0.809575],[0.137205, -0.185334, -0.163133],[-0.17695, -0.169806, -0.13368],[1.01153, 0.0355209, 0.0319145],[0.0283082, -0.770332, -0.272925],[0.104153, 0.0499819, 0.0443069],[-0.186936, -0.278506, -0.334225],[-0.0221625, -0.101028, -0.196632],[-0.181278, -0.138001, -0.0783534],[-0.208107, -0.430279, -0.701159],[-0.701753, -0.683577, -0.847225],[-0.208472, -0.303248, -0.294548],[-0.318616, -0.475293, -0.532525],[-0.161807, -0.110757, -0.272798],[-0.280836, -0.212896, -0.28763],[-0.314052, -0.557458, -0.605225],[-0.603114, -0.720689, -0.59837]]
}
