{
"Names": ["emX1", "emY1", "L1Y", "L1X", "X1", "Y1", "offY1", "offX1", "offX2", "XY1", "XY2"],
"TimeWindows": [[1542136154, 1542136268, 1542136383],[1542136391, 1542136505, 1542136620],[1542137597, 1542137973, 1542138346],[1542138422, 1542138796, 1542139170],[1542139705, 1542139949, 1542140192],[1542140262, 1542140507, 1542140752],[1542141840, 1542143102, 1542143099],[1542143108, 1542144355, 1542144353],[1542144358, 1542145622, 1542145619],[1542146035, 1542146471, 1542146905],[1542146980, 1542147416, 1542147848]],
"OrbitDrifts_X": [[2.51034, 2.79055, 2.07766],[2.07752, 2.21635, 2.37674],[4.31094, 4.76241, 5.05632],[5.12458, 6.18241, 7.02536],[-0.00718495, 0.218408, -0.350793],[-0.42559, -0.50512, -0.359286],[1.46909, 0.949144, 0.910171],[0.987874, 0.887216, 1.13637],[0.76124, -0.123308, -0.124332],[0.313883, 0.766275, 0.199891],[0.243066, 0.673209, 0.0480104]],
"OrbitDrifts_Y": [[-0.185875, -0.0908335, 0.0271163],[-0.0218448, 0.61732, 0.175533],[0.626205, 0.800083, 0.790206],[0.784654, 1.00224, 1.20942],[0.0125766, 0.204291, 0.461307],[0.49346, 1.0728, -0.136078],[0.57591, 0.570211, 0.719682],[0.422874, 1.31004, 1.59887],[1.16636, 1.63234, 1.66881],[-0.0326889, 0.104091, -0.295088],[-0.352769, -0.422308, 0.0162328]]
}
