{
"Names": ["emX1", "emY1", "L1Y", "L1X", "X1", "Y1", "offY1", "offX1", "offX2", "XY1", "XY2"],
"TimeWindows": [[1542136152, 1542136269, 1542136391],[1542136389, 1542136506, 1542136651],[1542137578, 1542137972, 1542138377],[1542138403, 1542138797, 1542139201],[1542139688, 1542139949, 1542140223],[1542140245, 1542140508, 1542140783],[1542141838, 1542142470, 1542143106],[1542143106, 1542143731, 1542144359],[1542144357, 1542144989, 1542145650],[1542146017, 1542146471, 1542146936],[1542146961, 1542147415, 1542147879]],
"OrbitDrifts_X": [[-3.4, 17.95, -3.13333],[-3.1, -3.97143, -4.53279],[-7.42838, -8.35227, -8.79833],[-8.88649, -6.4, -11.7017],[-0.272059, 4.71625, 0.569672],[-0.122059, -0.19875, -0.28],[-2.03333, -36.6344, -1.83846],[-1.8625, -1.93462, -2.055],[-2.075, -1.30278, -6.67083],[-0.252778, 0.972857, -0.6175],[-0.717568, 1.20135, -1.3975]],
"OrbitDrifts_Y": [[-0.15, -0.265217, -19.8133],[-0.316667, 5.15714, -0.962295],[-1.38243, 1.27727, -1.32083],[-1.28649, -1.59545, -1.665],[-0.00441176, -0.265, 1.34016],[-0.570588, 1.81875, 0.0683333],[-0.0833333, -0.321875, -6.37692],[-0.1875, -28.85, -13.315],[-0.75, -31.7278, -1.6725],[0.0680556, 1.44714, -0.2175],[-0.266216, -3.20135, -1.03417]]
}
