{
"Names": ["emX1", "emY1", "L1Y", "L1X", "X1", "Y1", "offY1", "offX1", "offX2", "XY1", "XY2"],
"TimeWindows": [[1542136154, 1542136269, 1542136383],[1542136391, 1542136506, 1542136620],[1542137597, 1542137972, 1542138346],[1542138422, 1542138796, 1542139170],[1542139705, 1542139949, 1542140192],[1542140262, 1542140508, 1542140752],[1542141840, 1542142470, 1542143099],[1542143108, 1542143731, 1542144353],[1542144358, 1542144989, 1542145619],[1542146035, 1542146471, 1542146905],[1542146980, 1542147415, 1542147848]],
"OrbitDrifts_X": [[-1.97521, 8.46425, -1.43164],[-2.06898, -2.84497, -3.2204],[-5.31211, -5.89214, -6.23078],[-6.30109, -5.34794, -7.94301],[-0.120768, 2.15622, 0.288925],[-0.339006, -0.446276, -0.452006],[-1.35098, -18.6597, -1.52287],[-1.36068, -1.5342, -1.64135],[-1.67529, -1.20744, -3.78219],[-0.0855709, 0.384636, -0.47873],[-0.572287, 0.131036, -1.29644]],
"OrbitDrifts_Y": [[-0.221185, -0.270655, -9.42653],[-0.279573, 2.25474, -0.25344],[-1.00984, 0.292279, -0.833936],[-0.903698, -1.04923, -1.05253],[-0.013275, -0.141963, 0.566808],[-0.267226, 0.894602, 0.0296173],[0.18379, 0.0341777, -3.01863],[-0.0356405, -14.2517, -6.51088],[-0.203441, -15.8706, -1.66075],[0.0701539, 0.544593, -0.318705],[-0.510828, -2.03631, -1.07919]]
}
