{
"Names": ["emX1", "emY1", "L1Y", "L1X", "X1", "Y1", "offY1", "offX1", "offX2", "XY1", "XY2"],
"TimeWindows": [[1542136152, 1542136269, 1542136391],[1542136389, 1542136506, 1542136651],[1542137578, 1542137972, 1542138377],[1542138403, 1542138796, 1542139201],[1542139688, 1542139949, 1542140223],[1542140245, 1542140508, 1542140783],[1542141838, 1542142470, 1542143106],[1542143106, 1542143731, 1542144359],[1542144357, 1542144989, 1542145650],[1542146017, 1542146471, 1542146936],[1542146961, 1542147415, 1542147879]],
"OrbitDrifts_X": [[-0.913525, -1.02151, -1.11885],[-1.01098, -1.71851, -2.1122],[-3.13707, -3.432, -3.71846],[-3.81247, -4.29588, -4.60789],[-0.296094, -0.403806, -0.468252],[-0.54066, -0.693803, -0.625441],[-0.558733, -0.684994, -0.825852],[-0.857476, -1.13379, -1.2296],[-1.2778, -1.1121, -1.14284],[0.0416873, -0.203585, -0.461169],[-0.488517, -0.93928, -1.39624]],
"OrbitDrifts_Y": [[-0.29065, -0.276092, -0.324764],[-0.330629, -0.647669, -0.908682],[-0.769193, -0.692714, -0.530727],[-0.506134, -0.502999, -0.440607],[-0.00367882, -0.0189257, -0.02571],[-0.1295, -0.0295463, -0.224903],[0.451863, 0.39023, 0.271723],[0.230313, 0.346533, 0.430134],[0.417606, -0.0134566, -0.273133],[0.031944, -0.357957, -0.54111],[-0.622027, -0.871276, -0.989536]]
}
