{
"Names": ["emX1", "emY1", "L1Y", "L1X", "X1", "Y1", "offY1", "offX1", "offX2", "XY1", "XY2"],
"TimeWindows": [[1542136154, 1542136269, 1542136383],[1542136391, 1542136506, 1542136620],[1542137597, 1542137972, 1542138346],[1542138422, 1542138796, 1542139170],[1542139705, 1542139949, 1542140192],[1542140262, 1542140508, 1542140752],[1542141840, 1542142470, 1542143099],[1542143108, 1542143731, 1542144353],[1542144358, 1542144989, 1542145619],[1542146035, 1542146471, 1542146905],[1542146980, 1542147415, 1542147848]],
"OrbitDrifts_X": [[2.11967, -18.9715, 0.638355],[2.09182, 2.25292, 2.38474],[4.32164, 4.92027, 5.06784],[4.93053, 2.10412, 6.71731],[-0.365069, -5.12006, -1.49977],[-0.423688, -0.495053, -0.362035],[1.5837, 35.9494, 1.39713],[1.00421, 0.800827, 0.825186],[0.795759, 0.190674, 5.28153],[0.234527, -1.17644, 0.0689122],[0.129769, -2.14063, -0.139537]],
"OrbitDrifts_Y": [[-0.138431, -0.0108744, 18.2099],[-0.112951, -5.80481, -1.19888],[0.488667, -1.96999, 0.581991],[0.795432, 1.09246, 1.21444],[0.0171516, 0.246074, -1.1835],[0.288753, -1.8483, -0.465706],[0.535757, 0.712105, 6.58331],[0.532836, 29.1965, 13.8806],[1.24005, 31.7143, 2.79923],[-0.108196, -1.8051, -0.420783],[-0.243282, 2.33008, 0.19486]]
}
