{
"Names": ["emX1_Y1", "emX2_Y2", "X1", "Y1", "X2", "Y2", "BIX1", "BIY1", "emX3_Y3", "BIX3", "BIY3", "BIX4", "BIY4", "X3", "Y3", "X4", "Y4", "X5", "Y5", "LX1", "LY1", "NBIY1", "NBIX1", "NBIY2", "NBIX2", "X6", "Y6", "emX4_Y4", "emX5_Y5"],
"TimeWindows": [[1530351900, 1530382526, 1530413183],[1530351900, 1530382526, 1530413183],[1530351900, 1530382526, 1530413183],[1530351900, 1530382526, 1530413183],[1530351900, 1530382526, 1530413183],[1530351900, 1530382526, 1530413183],[1530351900, 1530382526, 1530413183],[1530351900, 1530382526, 1530413183],[1530351900, 1530382526, 1530413183],[1530351900, 1530382526, 1530413183],[1530351900, 1530382526, 1530413183],[1530351900, 1530382526, 1530413183],[1530351900, 1530382526, 1530413183],[1530351900, 1530382526, 1530413183],[1530351900, 1530382526, 1530413183],[1530351900, 1530382526, 1530413183],[1530351900, 1530382526, 1530413183],[1530351900, 1530382526, 1530413183],[1530351900, 1530382526, 1530413183],[1530413235, 1530414567, 1530414585],[1530414625, 1530415927, 1530415927],[1530417388, 1530418015, 1530418642],[1530418851, 1530419485, 1530420163],[1530420534, 1530421185, 1530421833],[1530422112, 1530422731, 1530423331],[1530424198, 1530424775, 1530425370],[1530425398, 1530425976, 1530426560],[1530427770, 1530428064, 1530428372],[1530428628, 1530429048, 1530429480]],
"OrbitDrifts_X": [[0, nan, -1.67706],[0, nan, -1.67706],[0, nan, -1.67706],[0, nan, -1.67706],[0, nan, -1.67706],[0, nan, -1.67706],[0, nan, -1.67706],[0, nan, -1.67706],[0, nan, -1.67706],[0, nan, -1.67706],[0, nan, -1.67706],[0, nan, -1.67706],[0, nan, -1.67706],[0, nan, -1.67706],[0, nan, -1.67706],[0, nan, -1.67706],[0, nan, -1.67706],[0, nan, -1.67706],[0, nan, -1.67706],[-0.246994, -1.07493, -0.422588],[0.0622365, -8.87857, -8.87857],[-1.44081, -6.44265, -8.05423],[-0.0461202, 0.401173, 0.311531],[-0.0585137, 0.727222, 5.03307],[0.585181, -0.890955, -1.68996],[0.386519, 3.15074, 3.55245],[5.0401, 4.02508, 5.64239],[-0.560481, -1.16933, -0.563825],[0.98932, 0.142909, -2.19313]],
"OrbitDrifts_Y": [[0, nan, -0.183167],[0, nan, -0.183167],[0, nan, -0.183167],[0, nan, -0.183167],[0, nan, -0.183167],[0, nan, -0.183167],[0, nan, -0.183167],[0, nan, -0.183167],[0, nan, -0.183167],[0, nan, -0.183167],[0, nan, -0.183167],[0, nan, -0.183167],[0, nan, -0.183167],[0, nan, -0.183167],[0, nan, -0.183167],[0, nan, -0.183167],[0, nan, -0.183167],[0, nan, -0.183167],[0, nan, -0.183167],[-0.315621, -0.407557, -0.433918],[-0.525656, -1.19384, -1.19384],[0.138134, -0.959204, -0.493548],[0.461388, 0.570819, 0.897586],[0.52384, 1.41507, 1.94895],[-0.729639, -0.706899, -1.1568],[1.88853, 2.23755, 1.23917],[2.19475, -0.0651868, 2.30668],[-0.26174, 0.168518, 1.27488],[1.30734, 1.19638, 0.79268]]
}
