{
"Names": ["emX1_Y1", "emX2_Y2", "X1", "Y1", "X2", "Y2", "BIX1", "BIY1", "emX3_Y3", "BIX3", "BIY3", "BIX4", "BIY4", "X3", "Y3", "X4", "Y4", "X5", "Y5", "LX1", "LY1", "NBIY1", "NBIX1", "NBIY2", "NBIX2", "X6", "Y6", "emX4_Y4", "emX5_Y5"],
"TimeWindows": [[1530351900, 1530382526, 1530413183],[1530351900, 1530382526, 1530413183],[1530351900, 1530382526, 1530413183],[1530351900, 1530382526, 1530413183],[1530351900, 1530382526, 1530413183],[1530351900, 1530382526, 1530413183],[1530351900, 1530382526, 1530413183],[1530351900, 1530382526, 1530413183],[1530351900, 1530382526, 1530413183],[1530351900, 1530382526, 1530413183],[1530351900, 1530382526, 1530413183],[1530351900, 1530382526, 1530413183],[1530351900, 1530382526, 1530413183],[1530351900, 1530382526, 1530413183],[1530351900, 1530382526, 1530413183],[1530351900, 1530382526, 1530413183],[1530351900, 1530382526, 1530413183],[1530351900, 1530382526, 1530413183],[1530351900, 1530382526, 1530413183],[1530413236, 1530414568, 1530414584],[1530414623, 1530415926, 1530415926],[1530417389, 1530418014, 1530418642],[1530418851, 1530419485, 1530420164],[1530420533, 1530421184, 1530421832],[1530422111, 1530422731, 1530423330],[1530424198, 1530424775, 1530425366],[1530425398, 1530425975, 1530426560],[1530427770, 1530428063, 1530428372],[1530428627, 1530429047, 1530429482]],
"OrbitDrifts_X": [[0, nan, -2.02],[0, nan, -2.02],[0, nan, -2.02],[0, nan, -2.02],[0, nan, -2.02],[0, nan, -2.02],[0, nan, -2.02],[0, nan, -2.02],[0, nan, -2.02],[0, nan, -2.02],[0, nan, -2.02],[0, nan, -2.02],[0, nan, -2.02],[0, nan, -2.02],[0, nan, -2.02],[0, nan, -2.02],[0, nan, -2.02],[0, nan, -2.02],[0, nan, -2.02],[-0.5075, -1.52321, -1.30833],[-1.09833, -10.05, -10.05],[-0.825, -5.37738, -7.90865],[1.20686, 0.522619, 0.685],[-0.0610169, 1.53095, 5.19831],[0.795833, -1.69318, -2.9881],[-0.272727, 1.01538, 3.2275],[4.707, 3.625, 5.84333],[-0.609524, -0.842857, 0.203333],[1.5975, 0.160714, -0.514167]],
"OrbitDrifts_Y": [[0, nan, -0.326667],[0, nan, -0.326667],[0, nan, -0.326667],[0, nan, -0.326667],[0, nan, -0.326667],[0, nan, -0.326667],[0, nan, -0.326667],[0, nan, -0.326667],[0, nan, -0.326667],[0, nan, -0.326667],[0, nan, -0.326667],[0, nan, -0.326667],[0, nan, -0.326667],[0, nan, -0.326667],[0, nan, -0.326667],[0, nan, -0.326667],[0, nan, -0.326667],[0, nan, -0.326667],[0, nan, -0.326667],[0.0475, 0.00535714, -0.005],[-0.1225, -1.73556, -1.73556],[0.0025, -0.714286, -0.986538],[0.2, 0.652381, 0.648333],[0.195763, 0.354762, 1.00763],[0.335833, -0.805682, 0.1],[0.65, 0.684615, -0.140833],[0.196, -1.12692, 1.19],[-0.209524, -0.0714286, 1.325],[1.07833, 0.0928571, 0.6325]]
}
