{
"Names": ["X1", "Y1", "Y2", "X2", "I1X", "I1Y", "I2X", "I2Y", "L1X", "L1Y", "X3", "Y3"],
"TimeWindows": [[1464336285, 1464336778, 1464337268],[1464337522, 1464338015, 1464338508],[1464338769, 1464339262, 1464339757],[1464339948, 1464340440, 1464340930],[1464341247, 1464341738, 1464342231],[1464342677, 1464343168, 1464343658],[1464344429, 1464344920, 1464345408],[1464345652, 1464346148, 1464346642],[1464347152, 1464348255, 1464348181],[1464348634, 1464349770, 1464349677],[1464350869, 1464351359, 1464351851],[1464352142, 1464352638, 1464353130]],
"OrbitDrifts_X": [[0.117263, 0.190136, -1.20266],[-1.13541, -1.67571, -1.24056],[-0.805042, -0.976862, -1.27857],[-1.278, -0.372621, -0.94784],[-0.40369, -1.73569, -0.821585],[-0.418423, -0.229234, -0.467045],[-0.430708, -0.137842, -1.84174],[-2.69176, -4.32179, -4.43956],[-3.56319, -3.33825, -3.33825],[-1.31111, -2.1473, -1.27938],[0.750387, 0.345271, 0.680679],[-3.21494, -3.4147, -2.35808]],
"OrbitDrifts_Y": [[0.212935, 1.67878, 0.744822],[-0.446884, -0.0692005, -0.517896],[-0.975589, -1.22041, -0.692605],[-0.913518, -1.5593, -1.92644],[-2.58961, -3.18875, -2.38405],[-2.87716, -4.03596, -4.57805],[-1.90592, -1.51574, -1.18992],[-0.584424, -0.818345, -0.49719],[-0.944157, -1.55252, -1.55252],[0.414187, 1.32448, 0.737099],[-0.837935, 0.899841, 0.347776],[-0.274727, -0.0604087, -0.157892]]
}
