{
"Names": ["X1", "Y1", "Y2", "X2", "I1X", "I1Y", "I2X", "I2Y", "L1X", "L1Y", "X3", "Y3"],
"TimeWindows": [[1464336208, 1464336779, 1464337360],[1464337426, 1464338015, 1464338605],[1464338672, 1464339262, 1464339853],[1464339869, 1464340441, 1464341023],[1464341125, 1464341738, 1464342368],[1464342557, 1464343168, 1464343779],[1464344327, 1464344920, 1464345525],[1464345543, 1464346148, 1464346770],[1464347074, 1464348255, 1464348255],[1464348549, 1464349770, 1464349757],[1464350781, 1464351360, 1464351944],[1464352050, 1464352636, 1464353211]],
"OrbitDrifts_X": [[-0.629545, -1.67187, 1.07714],[1.97125, 0.35, 1.47353],[1.71351, 2.01842, 3.3375],[5.46, 0.4375, 3.11216],[3.09706, 0.779167, -4.30571],[1.25882, -0.153846, -1.134],[-1.15152, -3.7025, -1.82857],[-1.77667, -5.01905, -4.47432],[2.19432, 2.5037, 2.5037],[-0.689024, -4.98953, -5.00645],[1.24259, -4.55714, -4.10213],[-0.316667, 1.03214, 0.628125]],
"OrbitDrifts_Y": [[8.23584e-15, 0.353125, 1.10714],[1.56, 0.508824, 3.02941],[2.94459, 1.20789, 3.55],[3.926, 3.20833, 4.18784],[4.23088, 3.03125, 3.03143],[4.83824, 4.24423, 4.504],[2.32273, 1.8525, 2.68286],[2.63667, 2.79524, 4.7473],[2.81136, 3.29259, 3.29259],[0.537805, 2.14884, 2.14194],[0.487037, 0.535714, 1.55638],[1.94306, 1.39643, 4.12187]]
}
