{
"Names": ["emXY1", "X1", "Y1", "Y2", "X2", "BIX1", "BIY1", "BIX2", "BIY2", "X3", "Y3", "X4", "Y4", "L1X", "L1Y", "NBIY1", "NBIX1", "NBIY2", "NBIX2", "X5", "Y5"],
"TimeWindows": [[1501214291, 1501214502, 1501214705],[1501228805, 1501229370, 1501229940],[1501230029, 1501230600, 1501231172],[1501231382, 1501231950, 1501232523],[1501232694, 1501233259, 1501233827],[1501235289, 1501235943, 1501236591],[1501236673, 1501237342, 1501238010],[1501238559, 1501239213, 1501239877],[1501239927, 1501240575, 1501241228],[1501245536, 1501246101, 1501246681],[1501246820, 1501247388, 1501247960],[1501248323, 1501249586, 1501249581],[1501249667, 1501250936, 1501250932],[1501261099, 1501262396, 1501262381],[1501262504, 1501263842, 1501263809],[1501264109, 1501264725, 1501265343],[1501265389, 1501266011, 1501266645],[1501266753, 1501267395, 1501268033],[1501268116, 1501268728, 1501269336],[1501269781, 1501270333, 1501270903],[1501270921, 1501271476, 1501272050]],
"OrbitDrifts_X": [[0.494159, 1.54571, 1.53318],[0.326519, 1.85418, 4.40082],[3.56956, 6.81744, 9.11187],[10.2352, 8.80168, 9.07409],[8.32296, 8.20168, 8.22893],[0.820333, 2.13172, 5.65613],[6.18684, 8.79583, 7.07],[-1.63016, -0.0849112, -1.84411],[-2.54665, -4.12797, -4.2219],[-0.734085, -4.12133, -7.60445],[-8.67577, -14.9347, -18.9329],[-18.8179, -21.4953, -21.4306],[-20.7375, -14.2012, -14.1744],[3.96615, 0.803022, 0.553165],[4.10368, 2.34283, 2.68101],[0.799696, 1.65555, -1.85881],[-2.17404, -3.84281, -1.93781],[-2.33619, -1.74022, -1.01312],[-0.773601, -3.52079, -3.02093],[0.0772982, -3.85864, -2.38155],[-2.16562, 4.66059, 9.16161]],
"OrbitDrifts_Y": [[-0.262697, -2.07367, -0.628803],[0.911028, 0.256187, 0.185089],[-0.265949, -1.18544, -0.157093],[0.171667, -2.25968, -0.320116],[-0.274968, 0.846827, -0.3042],[-1.04025, -0.870095, 0.163681],[0.124218, -0.574152, 0.705709],[-0.890686, -0.642269, -0.651804],[-0.209725, 0.0691265, -0.783218],[0.0275395, -2.55031, -3.32178],[-3.64815, -5.58063, -3.82292],[-4.26266, -3.14505, -3.1726],[-2.59289, -1.6283, -1.65567],[1.59848, -0.613583, -0.568651],[0.364969, 4.76353, 4.40133],[-0.282908, -2.39912, -2.7725],[-3.15519, -1.31071, 0.851975],[0.320835, 2.08543, 0.522556],[-0.026061, -0.533707, 0.240016],[0.964435, -0.0268261, -0.501586],[0.433433, -0.892552, 1.87746]]
}
