{
"Names": ["emXY1", "X1", "Y1", "Y2", "X2", "BIX1", "BIY1", "BIX2", "BIY2", "X3", "Y3", "X4", "Y4", "L1X", "L1Y", "NBIY1", "NBIX1", "NBIY2", "NBIX2", "X5", "Y5"],
"TimeWindows": [[1501214290, 1501214502, 1501214705],[1501228806, 1501229371, 1501229938],[1501230030, 1501230600, 1501231172],[1501231382, 1501231951, 1501232522],[1501232694, 1501233260, 1501233828],[1501235291, 1501235943, 1501236590],[1501236673, 1501237343, 1501238010],[1501238559, 1501239213, 1501239875],[1501239927, 1501240575, 1501241229],[1501245535, 1501246101, 1501246682],[1501246819, 1501247387, 1501247959],[1501248322, 1501249586, 1501249580],[1501249667, 1501250937, 1501250931],[1501261100, 1501262396, 1501262381],[1501262504, 1501263841, 1501263808],[1501264108, 1501264725, 1501265344],[1501265390, 1501266011, 1501266644],[1501266753, 1501267394, 1501268034],[1501268118, 1501268728, 1501269337],[1501269781, 1501270332, 1501270901],[1501270922, 1501271476, 1501272049]],
"OrbitDrifts_X": [[0.441892, 0.996667, 1.70909],[0.168333, 0.439286, 3.76667],[3.685, 6.61923, 8.79417],[10.2042, 8.89286, 9.285],[8.42049, 5.075, 7.45833],[1.04083, 1.45341, 5.54417],[6.10656, 7.71818, 6.19917],[0.0740741, 1.77727, -2.2325],[-2.26481, -3.93333, -4.3075],[-0.0909836, -4.55556, -5.56417],[0.897458, -5.32115, -8.86441],[-8.67083, -10.6192, -10.7075],[-11.3233, -6.79452, -6.81333],[2.6475, 1.12088, 0.9175],[3.93833, 0.954331, 0.87541],[0.1625, 0.798837, -2.47833],[-2.338, -4.62857, -3.05574],[-2.95492, -1.71429, -1.13083],[-0.989167, -3.69432, -2.17167],[0.319697, -4.71111, -1.2625],[-1.27059, 5.13214, 9.27167]],
"OrbitDrifts_Y": [[-0.117568, -1.14667, -0.390909],[-0.1625, -0.610714, -0.858333],[-0.725833, -1.33269, -0.195833],[5.11102, 1.78214, 4.50583],[4.90984, 5.68846, 5.01167],[-0.225833, 0.0556818, 0.820833],[1.0959, 0.522727, 1.37667],[0.153704, -0.207955, 0.0908333],[0.258333, 0.764286, -0.2675],[-0.335246, -2.69815, -3.46167],[-3.39068, -5.25, -4.02119],[-3.9475, -2.97329, -3.04583],[-2.42167, -1.18836, -1.17167],[0.345833, -1.87967, -1.88417],[-1.31833, 3.37047, 3.25328],[0.434167, -1.15233, -2.24],[-2.21, -1.27976, 0.541803],[0.642623, 1.29762, -0.631667],[-0.786667, -1.30909, -1.11167],[0.0727273, -0.690741, -1.20583],[-1.14706, -2.13393, 0.065]]
}
