{
"Names": ["emXY1", "X1", "Y1", "Y2", "X2", "BIX1", "BIY1", "BIX2", "BIY2", "X3", "Y3", "X4", "Y4", "L1X", "L1Y", "NBIY1", "NBIX1", "NBIY2", "NBIX2", "X5", "Y5"],
"TimeWindows": [[1501214310, 1501214502, 1501214698],[1501228837, 1501229370, 1501229906],[1501230061, 1501230600, 1501231140],[1501231413, 1501231950, 1501232490],[1501232726, 1501233259, 1501233796],[1501235322, 1501235943, 1501236558],[1501236705, 1501237342, 1501237978],[1501238587, 1501239213, 1501239843],[1501239955, 1501240575, 1501241197],[1501245567, 1501246101, 1501246650],[1501246850, 1501247387, 1501247927],[1501248353, 1501249586, 1501249548],[1501249698, 1501250937, 1501250899],[1501261131, 1501262396, 1501262349],[1501262535, 1501263842, 1501263776],[1501264139, 1501264725, 1501265312],[1501265416, 1501266011, 1501266612],[1501266785, 1501267394, 1501268002],[1501268149, 1501268728, 1501269305],[1501269799, 1501270333, 1501270869],[1501270940, 1501271476, 1501272017]],
"OrbitDrifts_X": [[0.0968807, 0.54904, -0.150944],[0.230831, 1.41489, 0.666959],[-0.0927502, 0.198213, 0.311119],[0.0242004, -0.091178, -0.20498],[0.0849994, 3.12668, 0.90125],[-0.174211, 0.678313, 0.13436],[0.127973, 1.07765, 0.880598],[-1.71112, -1.86218, 0.287605],[-0.278005, -0.194638, 0.0720384],[-0.579367, 0.434227, -1.90885],[-9.56505, -9.61357, -10.0368],[-10.1632, -10.8761, -9.8283],[-9.36438, -7.40666, -7.06565],[1.27769, -0.317858, -0.460339],[0.19414, 1.3885, 2.22438],[0.646416, 0.856717, 0.626206],[0.1892, 0.78576, 1.09971],[0.586982, -0.0259321, 0.111175],[0.207007, 0.173532, -0.795559],[-0.206664, 0.852473, -1.01582],[-0.874953, -0.471555, -0.137355]],
"OrbitDrifts_Y": [[-0.215013, -0.926999, -0.258212],[1.06091, 0.866901, 1.03391],[0.441102, 0.147249, 0.044721],[-4.88964, -4.04182, -4.78751],[-5.16538, -4.84163, -5.29149],[-0.819424, -0.925777, -0.671749],[-0.97767, -1.09688, -0.691064],[-1.0178, -0.434315, -0.727932],[-0.478047, -0.695159, -0.524982],[0.352783, 0.14784, 0.139693],[-0.258313, -0.330634, 0.166214],[-0.312451, -0.171762, 0.0474804],[-0.177887, -0.439947, -0.772286],[1.25214, 1.26609, 1.41761],[1.67647, 1.39306, 0.892227],[-0.739206, -1.24679, -0.569457],[-0.904774, -0.0309474, 0.291313],[-0.265088, 0.787814, 1.13501],[0.760188, 0.775384, 1.32307],[0.884273, 0.663915, 0.703975],[1.56802, 1.24138, 1.77649]]
}
