{
"Names": ["X1", "Y1", "Y2", "X2", "I1X", "I1Y", "I2X", "I2Y", "L1X", "L1Y", "X3", "Y3"],
"TimeWindows": [[1464336207, 1464336777, 1464337362],[1464337427, 1464338014, 1464338607],[1464338669, 1464339262, 1464339852],[1464339869, 1464340439, 1464341022],[1464341127, 1464341739, 1464342367],[1464342562, 1464343168, 1464343778],[1464344328, 1464344920, 1464345523],[1464345545, 1464346148, 1464346768],[1464347073, 1464348255, 1464348255],[1464348548, 1464349770, 1464349758],[1464350779, 1464351359, 1464351949],[1464352047, 1464352639, 1464353209]],
"OrbitDrifts_X": [[-0.522069, -1.48174, -0.383941],[0.937855, -1.32571, 0.323628],[0.94205, 1.04156, 1.99913],[4.03215, 0.0648792, 2.05237],[3.01254, -0.95652, -4.86785],[0.784291, -0.38308, -1.65738],[-1.64709, -3.84034, -4.0761],[-4.13001, -9.34083, -8.94554],[-1.38548, -0.834542, -0.834542],[-1.93117, -7.13684, -7.03846],[2.08238, -4.21187, -3.35072],[-3.49998, -2.38256, -1.55941]],
"OrbitDrifts_Y": [[-0.0213272, 2.0319, 1.67587],[1.03809, 0.439623, 2.4305],[2.02604, -0.0125118, 2.95414],[3.1156, 1.64903, 2.1912],[1.78433, -0.157498, 0.868661],[2.22909, 0.208267, -0.206544],[0.33532, 0.33676, 1.5666],[2.10339, 1.97689, 4.32538],[1.91045, 1.74007, 1.74007],[0.880683, 3.47331, 3.38911],[-0.670045, 1.43556, 1.80287],[1.62981, 1.33602, 3.94121]]
}
