{
"Names": ["emX2", "emY2", "X2", "Y2", "X3", "Y3", "offY3", "offX3", "XY3", "XY4", "X4", "Y4", "X5", "Y5", "XY5", "XY6", "emX3", "emY3", "X6", "6Y"],
"TimeWindows": [[1542213090, 1542213173, 1542213255],[1542213263, 1542213346, 1542213428],[1542213934, 1542214179, 1542214423],[1542214521, 1542214761, 1542215000],[1542215492, 1542215737, 1542215981],[1542216058, 1542216298, 1542216536],[1542217148, 1542217779, 1542218409],[1542218434, 1542219059, 1542219682],[1542220101, 1542220341, 1542220579],[1542221107, 1542221347, 1542221585],[1542222008, 1542222254, 1542222498],[1542222576, 1542222816, 1542223054],[1542228435, 1542228680, 1542228923],[1542229018, 1542229259, 1542229498],[1542229911, 1542230151, 1542230390],[1542230465, 1542230705, 1542230944],[1542231672, 1542231754, 1542231834],[1542231840, 1542231918, 1542231995],[1542232313, 1542232429, 1542232543],[1542232550, 1542232666, 1542232780]],
"OrbitDrifts_X": [[-3.99982, -2.17226, -3.59041],[-3.69895, -4.00004, -4.20238],[-5.18988, -3.27987, -5.79812],[-6.38636, -6.8039, -7.53552],[-0.26099, 0.316678, -13.9784],[-22.8834, -0.749922, -0.787481],[3.44365, -9.91795, 3.6438],[4.01673, 4.87139, 5.41107],[-0.0590757, 0.142593, 0.17495],[-2.56358, -20.8934, -2.73246],[-0.00281728, 1.53954, -0.133138],[-0.342919, -0.366052, -0.412506],[-0.185623, 1.63809, -0.422454],[-0.725987, -0.613763, -0.689716],[-0.0726753, 0.577612, 0.0399986],[-0.0253174, 1.1917, -0.0730688],[0.0300153, 1.42639, -0.182292],[-0.328577, -0.314712, -42.5646],[-0.42053, 1.66198, -0.26923],[-0.471413, -0.454176, -0.615546]],
"OrbitDrifts_Y": [[-1.1862, -1.155, -8.01659],[-1.14904, 0.912603, -0.581714],[-1.39937, -1.32717, -1.35153],[-1.32523, -0.402391, -1.38744],[-0.106462, -0.11836, -7.53755],[-12.1993, 1.21366, 0.264735],[0.744719, 0.789072, -0.49994],[0.785624, -9.64184, 0.741805],[-0.00194756, 0.197328, 0.245688],[1.2059, 9.95982, 1.16639],[-0.170206, -0.115163, -0.106947],[-0.00474627, 1.40061, 0.594511],[-0.334731, -0.563302, -0.781711],[-0.756661, 0.229932, -0.806153],[-0.164479, 0.420977, -0.108853],[-0.333948, -1.90354, -0.920429],[-0.190439, -0.210254, -4.59618],[-0.29385, 0.943609, 22.5798],[-0.601577, -0.713673, -11.8559],[-0.741011, 1.56511, -0.0214512]]
}
