{
"Names": ["emX2", "emY2", "X2", "Y2", "X3", "Y3", "offY3", "offX3", "XY3", "XY4", "X4", "Y4", "X5", "Y5", "XY5", "XY6", "emX3", "emY3", "X6", "6Y"],
"TimeWindows": [[1542213090, 1542213173, 1542213255],[1542213263, 1542213346, 1542213428],[1542213934, 1542214179, 1542214423],[1542214521, 1542214761, 1542215000],[1542215492, 1542215737, 1542215981],[1542216058, 1542216298, 1542216536],[1542217148, 1542217779, 1542218409],[1542218434, 1542219059, 1542219682],[1542220101, 1542220341, 1542220579],[1542221107, 1542221347, 1542221585],[1542222008, 1542222254, 1542222498],[1542222576, 1542222816, 1542223054],[1542228435, 1542228680, 1542228923],[1542229018, 1542229259, 1542229498],[1542229911, 1542230151, 1542230390],[1542230465, 1542230705, 1542230944],[1542231672, 1542231754, 1542231834],[1542231840, 1542231918, 1542231995],[1542232313, 1542232429, 1542232543],[1542232550, 1542232666, 1542232780]],
"OrbitDrifts_X": [[4.82551, 1.22471, 4.20504],[4.61761, 4.65917, 4.826],[5.31001, 0.215263, 4.25404],[4.92559, 4.74745, 4.22498],[0.00671817, -1.67414, 26.3497],[43.982, -1.13406, -1.35764],[-0.816618, 25.5876, -1.50518],[-2.1624, -4.05722, -4.94179],[-0.247852, -0.522709, -0.629797],[4.32673, 40.3721, 4.03965],[-0.0637795, -3.74092, -0.464031],[0.142936, 0.126871, 0.115675],[0.143326, -3.47632, 0.365961],[0.934226, 0.977738, 1.18337],[0.23244, -0.628987, 0.45599],[0.306091, -1.80081, 0.537634],[0.250971, -2.88184, 0.209363],[0.541902, 0.520576, 85.1713],[0.903726, -3.0327, 1.00927],[1.32792, 1.59831, 2.12445]],
"OrbitDrifts_Y": [[3.15852, 3.12077, 16.5207],[2.80219, -1.36368, 1.58489],[2.71952, 2.46316, 2.012],[2.03179, -0.0310987, 1.24505],[0.446096, 0.0332803, 14.7519],[24.0198, -2.77531, -0.811089],[0.522108, -0.733621, 1.08528],[-1.53053, 18.2763, -2.09404],[0.18875, -0.321133, -0.402515],[-2.80616, -20.5137, -2.99347],[0.275324, -0.0128266, -0.161617],[-0.345664, -3.08595, -1.35778],[0.195101, 0.160896, 0.212115],[0.119913, -1.7954, -0.0279431],[-0.097847, -1.44226, -0.366841],[0.00894273, 2.92713, 0.795431],[-0.0281666, 0.0794922, 8.70304],[0.0196116, -2.32528, -45.7245],[0.645905, 0.34932, 22.5283],[0.289893, -4.41979, -1.17959]]
}
