{
"Names": ["emX2", "emY2", "X2", "Y2", "X3", "Y3", "offY3", "offX3", "XY3", "XY4", "X4", "Y4", "X5", "Y5", "XY5", "XY6", "emX3", "emY3", "X6", "6Y"],
"TimeWindows": [[1542213088, 1542213173, 1542213263],[1542213261, 1542213346, 1542213459],[1542213910, 1542214179, 1542214454],[1542214497, 1542214761, 1542215031],[1542215473, 1542215737, 1542216012],[1542216039, 1542216298, 1542216567],[1542217142, 1542217779, 1542218425],[1542218428, 1542219059, 1542219713],[1542220071, 1542220341, 1542220610],[1542221077, 1542221347, 1542221616],[1542221989, 1542222254, 1542222529],[1542222557, 1542222816, 1542223074],[1542228412, 1542228680, 1542228954],[1542228994, 1542229259, 1542229529],[1542229893, 1542230151, 1542230421],[1542230446, 1542230705, 1542230975],[1542231671, 1542231754, 1542231841],[1542231839, 1542231918, 1542232026],[1542232312, 1542232429, 1542232551],[1542232548, 1542232666, 1542232811]],
"OrbitDrifts_X": [[-1.58772, -1.55991, -1.48086],[-1.38339, -1.67046, -1.83361],[-2.47114, -3.17224, -3.73448],[-3.87185, -4.43018, -5.55181],[-0.237254, -0.520395, -0.838991],[-0.857833, -1.31695, -1.4854],[3.03686, 2.87587, 2.89158],[2.93649, 2.84278, 2.94494],[-0.191183, -0.118762, -0.142658],[-0.361091, -0.707411, -0.713306],[-0.011179, -0.33092, -0.369424],[-0.268914, -0.302616, -0.358925],[-0.115295, -0.100071, -0.256934],[-0.272244, -0.124894, -0.0946099],[0.0266191, 0.263118, 0.268616],[0.114779, 0.291292, 0.183556],[0.158631, -0.0145353, -0.0827033],[-0.0576875, -0.0544237, 0.0509841],[0.0298488, 0.14563, 0.241675],[0.18991, 0.344982, 0.47377]],
"OrbitDrifts_Y": [[0.392761, 0.405389, 0.227975],[0.252572, 0.230762, 0.203279],[-0.0340139, -0.0955868, -0.377282],[-0.298249, -0.417941, -0.809913],[0.133515, -0.10172, -0.169066],[-0.190677, -0.173999, -0.136565],[1.01132, 0.422261, 0.03336],[0.0258121, -0.50367, -0.295509],[0.0995166, 0.0367614, 0.0454109],[-0.184463, -0.297028, -0.334603],[-0.0254722, -0.121577, -0.196011],[-0.180445, -0.142364, -0.0796362],[-0.213568, -0.482855, -0.699803],[-0.699593, -0.667767, -0.839527],[-0.206716, -0.30015, -0.291268],[-0.320729, -0.439973, -0.533273],[-0.205148, -0.170508, -0.250653],[-0.285294, -0.219032, -0.307656],[-0.275243, -0.539013, -0.595408],[-0.595221, -0.644788, -0.602309]]
}
