{
"Names": ["emX2", "emY2", "X2", "Y2", "X3", "Y3", "offY3", "offX3", "XY3", "XY4", "X4", "Y4", "X5", "Y5", "XY5", "XY6", "emX3", "emY3", "X6", "6Y"],
"TimeWindows": [[1542213088, 1542213173, 1542213263],[1542213261, 1542213346, 1542213459],[1542213910, 1542214179, 1542214454],[1542214497, 1542214761, 1542215031],[1542215473, 1542215737, 1542216012],[1542216039, 1542216298, 1542216567],[1542217142, 1542217779, 1542218425],[1542218428, 1542219059, 1542219713],[1542220071, 1542220341, 1542220610],[1542221077, 1542221347, 1542221616],[1542221989, 1542222254, 1542222529],[1542222557, 1542222816, 1542223074],[1542228412, 1542228680, 1542228954],[1542228994, 1542229259, 1542229529],[1542229893, 1542230151, 1542230421],[1542230446, 1542230705, 1542230975],[1542231671, 1542231754, 1542231841],[1542231839, 1542231918, 1542232026],[1542232312, 1542232429, 1542232551],[1542232548, 1542232666, 1542232811]],
"OrbitDrifts_X": [[-6.5, -2.78462, -5.97667],[-6, -6.32963, -6.72167],[-8.29063, -3.3875, -8.50164],[-8.81562, -9.17763, -9.70902],[-0.374324, 1.15375, -30.6917],[-48.5132, -0.182895, -0.0991667],[4.10455, -22.7118, 5.06333],[5.07917, 6.9, 7.93],[0.0216667, 0.403947, 0.500833],[-0.0975, -41.0795, -0.106667],[-0.239474, 3.41, -0.314167],[-0.413158, -0.429487, -0.473684],[-0.606522, 3.37625, -1.10417],[-1.20213, -1.10263, -1.30417],[-0.272222, 0.892105, -0.325833],[-0.358108, 2.09211, -0.6525],[-0.15, 2.86731, -0.541667],[-0.6, -0.575, -118.651],[-0.925, 3.17833, -1.05],[-1.13333, -1.25333, -1.79083]],
"OrbitDrifts_Y": [[-2.76667, -2.71538, -17.6],[-2.65, 1.59444, -2.47833],[-2.77917, -2.55875, -2.33197],[-2.54062, -0.386842, -2.22049],[-0.344595, -0.135, -16.7608],[-26.3921, 2.60132, 0.423333],[0.477273, 1.15588, -1.09667],[1.7625, -18.78, 2.795],[-0.154167, 0.357895, 0.458333],[0.366667, 20.2167, 0.418333],[-0.323684, -0.10875, -0.0158333],[-0.0578947, 2.94359, 1.13684],[-0.411957, -0.64375, -0.918333],[-1.01064, 1.12763, -1.03667],[-0.2125, 1.14211, -0.0616667],[-0.0986486, -3.36711, -1.05667],[-0.175, -0.25, -9.65],[-0.35, 2.10625, 62.6075],[-0.925, -0.888333, -24.6733],[-0.966667, 3.775, -0.285833]]
}
