{
"Names": ["emXY1", "X1", "Y1", "Y2", "X2", "BIX1", "BIY1", "BIX2", "BIY2", "X3", "Y3", "X4", "Y4", "L1X", "L1Y", "NBIY1", "NBIX1", "NBIY2", "NBIX2", "X5", "Y5"],
"TimeWindows": [[1501214334, 1501214502, 1501214671],[1501228893, 1501229370, 1501229838],[1501230120, 1501230600, 1501231078],[1501231473, 1501231950, 1501232420],[1501232783, 1501233259, 1501233728],[1501235405, 1501235943, 1501236452],[1501236798, 1501237342, 1501237860],[1501238672, 1501239213, 1501239728],[1501240037, 1501240575, 1501241088],[1501245624, 1501246101, 1501246582],[1501246909, 1501247387, 1501247855],[1501248472, 1501249583, 1501249417],[1501249818, 1501250925, 1501250748],[1501261173, 1501262395, 1501262298],[1501262583, 1501263842, 1501263729],[1501264205, 1501264725, 1501265243],[1501265487, 1501266011, 1501266538],[1501266859, 1501267394, 1501267925],[1501268213, 1501268728, 1501269239],[1501269855, 1501270333, 1501270800],[1501270999, 1501271476, 1501271946]],
"OrbitDrifts_X": [[0.633734, 1.27119, 1.56251],[0.387902, 1.14673, 3.56396],[4.12001, 6.71834, 8.58741],[9.99892, 8.84727, 9.12021],[8.0988, 6.63834, 7.63261],[1.0832, 1.79257, 4.78882],[6.54085, 8.25701, 6.99809],[-0.128413, 0.846181, -1.39739],[-2.66435, -4.03065, -4.21445],[-1.0286, -4.33844, -6.2006],[-4.87768, -10.1279, -13.2129],[-14.0207, -16.0679, -15.2493],[-15.3705, -10.5508, -11.9562],[3.17309, 0.959376, -0.517793],[3.88004, 1.64858, 2.10138],[0.598025, 1.2272, -1.61918],[-2.5929, -4.23569, -2.78848],[-2.49351, -1.72725, -1.18292],[-1.31085, -3.60755, -2.75792],[0.212225, -4.28487, -2.26046],[-0.786696, 4.89637, 8.44026]],
"OrbitDrifts_Y": [[-0.48316, -1.61017, -0.69266],[0.288323, -0.177264, -0.308541],[-0.617633, -1.25907, -0.353582],[2.17799, -0.238768, 1.67649],[2.46705, 3.26764, 2.51292],[-0.593221, -0.407207, 0.300475],[0.491313, -0.0257126, 0.802145],[-0.258053, -0.425112, -0.312477],[0.0611605, 0.416706, -0.32323],[-0.541344, -2.62423, -3.26045],[-3.81979, -5.41532, -4.19374],[-3.98302, -3.07892, -4.93049],[-2.36879, -1.35731, 0.0387311],[0.84591, -1.2464, -1.1146],[-0.20671, 4.067, 3.24334],[-0.214519, -1.77572, -2.3878],[-2.48271, -1.29524, 0.362716],[0.682363, 1.69153, 0.241184],[-0.487488, -0.921399, -0.513062],[0.382614, -0.358783, -0.765283],[-0.603704, -1.51324, 0.524626]]
}
