{
"Names": ["emX1", "emY1", "L1Y", "L1X", "X1", "Y1", "offY1", "offX1", "offX2", "XY1", "XY2"],
"TimeWindows": [[1542136154, 1542136268, 1542136383],[1542136391, 1542136505, 1542136620],[1542137597, 1542137973, 1542138346],[1542138422, 1542138796, 1542139170],[1542139705, 1542139949, 1542140192],[1542140262, 1542140507, 1542140752],[1542141840, 1542143102, 1542143099],[1542143108, 1542144355, 1542144353],[1542144358, 1542145622, 1542145619],[1542146035, 1542146471, 1542146905],[1542146980, 1542147416, 1542147848]],
"OrbitDrifts_X": [[-2.17912, -2.46098, -2.12515],[-2.05804, -2.98273, -3.25114],[-5.30938, -5.85213, -6.23079],[-6.38606, -7.20879, -8.08024],[-0.296394, -0.496153, -0.3029],[-0.339045, -0.447387, -0.455108],[-1.29014, -1.39209, -1.42825],[-1.35678, -1.70639, -1.78182],[-1.66764, -1.01165, -1.00513],[-0.123304, -0.558388, -0.541812],[-0.630665, -1.27115, -1.3901]],
"OrbitDrifts_Y": [[-0.221305, -0.326667, -0.276149],[-0.308894, -1.03679, -0.959038],[-1.07516, -1.08329, -0.936848],[-0.899976, -0.936378, -1.04264],[-0.0190219, -0.183569, -0.288206],[-0.356071, -0.496359, -0.127362],[0.187757, 0.0851054, 0.143174],[0.0263836, -0.24498, -0.300563],[-0.218361, -0.958829, -0.962732],[0.0288496, -0.406429, -0.382905],[-0.451831, -0.651671, -0.988079]]
}
