{
"Names": ["emX1", "emY1", "L1Y", "L1X", "X1", "Y1", "offY1", "offX1", "offX2", "XY1", "XY2"],
"TimeWindows": [[1542136152, 1542136268, 1542136387],[1542136389, 1542136505, 1542136652],[1542137578, 1542137973, 1542138378],[1542138402, 1542138796, 1542139202],[1542139687, 1542139949, 1542140224],[1542140244, 1542140507, 1542140784],[1542141838, 1542143102, 1542143104],[1542143105, 1542144355, 1542144356],[1542144356, 1542145622, 1542145637],[1542146016, 1542146471, 1542146937],[1542146961, 1542147416, 1542147880]],
"OrbitDrifts_X": [[-0.920828, -1.0657, -1.08703],[-1.00052, -1.87456, -2.11433],[-3.13747, -3.47092, -3.72219],[-3.80803, -4.11759, -4.60541],[-0.293558, -0.386949, -0.490113],[-0.540959, -0.699947, -0.626369],[-0.55488, -0.917523, -0.889703],[-0.861884, -1.26278, -1.27507],[-1.28736, -1.07331, -1.10935],[0.0429795, -0.175251, -0.461217],[-0.490083, -0.93455, -1.39752]],
"OrbitDrifts_Y": [[-0.312969, -0.372084, -0.258799],[-0.310862, -0.728134, -0.910478],[-0.766146, -0.683251, -0.529795],[-0.511526, -0.435256, -0.438154],[-0.00765598, -0.0814229, -0.0544644],[-0.120316, 0.0400414, -0.225672],[0.475921, 0.370211, 0.303808],[0.237406, 0.410039, 0.38783],[0.365622, -0.142658, -0.22863],[0.0289142, -0.354384, -0.543227],[-0.617711, -0.862825, -0.988494]]
}
