{
"Names": ["emXY1", "X1", "Y1", "Y2", "X2", "BIX1", "BIY1", "BIX2", "BIY2", "X3", "Y3", "X4", "Y4", "L1X", "L1Y", "NBIY1", "NBIX1", "NBIY2", "NBIX2", "X5", "Y5"],
"TimeWindows": [[1501214310, 1501214502, 1501214698],[1501228837, 1501229370, 1501229906],[1501230061, 1501230600, 1501231140],[1501231413, 1501231950, 1501232490],[1501232726, 1501233259, 1501233796],[1501235322, 1501235943, 1501236558],[1501236705, 1501237342, 1501237978],[1501238587, 1501239213, 1501239843],[1501239955, 1501240575, 1501241197],[1501245567, 1501246101, 1501246650],[1501246850, 1501247387, 1501247927],[1501248353, 1501249586, 1501249548],[1501249698, 1501250937, 1501250899],[1501261131, 1501262396, 1501262349],[1501262535, 1501263842, 1501263776],[1501264139, 1501264725, 1501265312],[1501265416, 1501266011, 1501266612],[1501266785, 1501267394, 1501268002],[1501268149, 1501268728, 1501269305],[1501269799, 1501270333, 1501270869],[1501270940, 1501271476, 1501272017]],
"OrbitDrifts_X": [[0.542669, 1.27119, 1.60905],[0.298862, 1.14673, 3.91537],[3.80064, 6.71834, 8.82985],[10.1437, 8.84727, 9.16089],[8.2736, 6.63834, 7.77684],[0.973661, 1.79257, 5.41218],[6.2476, 8.25701, 6.71118],[-0.707263, 0.846181, -1.8979],[-2.4772, -4.03065, -4.25346],[-0.633081, -4.33844, -6.46386],[-4.22963, -10.1279, -13.6875],[-13.801, -16.0572, -16.0668],[-15.8932, -10.4978, -10.4449],[3.24925, 0.96195, 0.267236],[3.96515, 1.64858, 1.91221],[0.518169, 1.2272, -1.99832],[-2.34111, -4.23569, -2.58536],[-2.59949, -1.72725, -1.10399],[-1.0253, -3.60755, -2.64824],[0.0521681, -4.28487, -1.96166],[-1.49435, 4.89637, 8.97532]],
"OrbitDrifts_Y": [[-0.322159, -1.61017, -0.546076],[0.342955, -0.177264, -0.327625],[-0.53879, -1.25907, -0.236134],[2.48183, -0.238768, 1.96189],[2.37123, 3.26764, 2.40344],[-0.621945, -0.407207, 0.447707],[0.579661, -0.0257126, 0.990821],[-0.370959, -0.425112, -0.28735],[0.0415625, 0.416706, -0.480295],[-0.292446, -2.62423, -3.35039],[-3.62286, -5.41532, -4.00581],[-4.07945, -3.05917, -3.38772],[-2.48002, -1.40833, -1.47019],[0.917823, -1.24663, -1.18465],[-0.369712, 4.067, 3.58745],[-0.0163669, -1.77572, -2.46933],[-2.62271, -1.29524, 0.595411],[0.542778, 1.69153, 0.0308705],[-0.433539, -0.921399, -0.460348],[0.489945, -0.358783, -0.82528],[-0.39599, -1.51324, 0.83231]]
}
