{
"Names": ["L1Y", "L1X", "X1", "Y1"],
"TimeWindows": [[1543464231, 1543464814, 1543465034],[1543465057, 1543465452, 1543465859],[1543466360, 1543466497, 1543466643],[1543466672, 1543466810, 1543466956]],
"OrbitDrifts_X": [[-0.0228571, 1, 1.11],[1.08857, 1, 1.015],[0.120513, -0.15, 0.264167],[0.275641, 0.41, 0.415833]],
"OrbitDrifts_Y": [[0.747143, 2, 2.72167],[2.79286, 4.1, 5.76333],[1.39615, 1.75, 2.3725],[2.51154, 2.65, 3.69583]]
}
