{
"Names": ["L1Y", "L1X", "X1", "Y1"],
"TimeWindows": [[1543464250, 1543464918, 1543465002],[1543465076, 1543465452, 1543465827],[1543466381, 1543466497, 1543466611],[1543466693, 1543466810, 1543466924]],
"OrbitDrifts_X": [[-0.00246049, -1.08686, -1.18284],[-1.22094, -1.18208, -1.33158],[-0.411033, -0.195958, -0.688618],[-0.832008, -0.828394, -0.883873]],
"OrbitDrifts_Y": [[-0.907914, -2.59254, -3.09332],[-3.38292, -4.68212, -6.24928],[-1.45156, -2.01941, -2.36152],[-2.64719, -2.68478, -3.48649]]
}
