{
"Names": ["L1Y", "L1X", "X1", "Y1"],
"TimeWindows": [[1543464231, 1543465021, 1543465034],[1543465057, 1543465452, 1543465859],[1543466360, 1543466497, 1543466643],[1543466672, 1543466810, 1543466956]],
"OrbitDrifts_X": [[0.00554904, -0.0868552, -0.108618],[-0.134331, -0.182079, -0.329125],[-0.329624, -0.345958, -0.559986],[-0.557019, -0.418394, -0.483303]],
"OrbitDrifts_Y": [[-0.11282, -0.59254, -0.558329],[-0.524325, -0.582118, -0.617409],[0.047834, -0.269411, -0.0831345],[-0.128875, -0.0347797, -0.0112095]]
}
