{
"Names": ["L1Y", "L1X", "X1", "Y1"],
"TimeWindows": [[1543464250, 1543464918, 1543465002],[1543465076, 1543465452, 1543465827],[1543466381, 1543466497, 1543466611],[1543466693, 1543466810, 1543466924]],
"OrbitDrifts_X": [[0.00422184, 0.456572, 0.488711],[0.473837, 0.408961, 0.348047],[-0.126621, -0.247979, -0.1695],[-0.119843, -0.00419713, -0.0273619]],
"OrbitDrifts_Y": [[0.327861, 0.70373, 0.979039],[1.16435, 1.75894, 2.50996],[0.724809, 0.740294, 1.05743],[1.20909, 1.30761, 1.72695]]
}
